{"cameraMode":{"drawMode":0,"name":"Shaded","section":"Shading Mode"},"sceneLighting":true,"audioPlay":false,"sceneViewState":{"m_AlwaysRefresh":false,"showFog":true,"showSkybox":true,"showFlares":true,"showImageEffects":true,"showParticleSystems":true,"showVisualEffectGraphs":true,"m_FxEnabled":true},"in2DMode":false,"pivot":{"x":1.795500636100769,"y":3.9073662757873537,"z":0.9060376882553101},"rotation":{"x":0.14531362056732179,"y":-0.23070938885211945,"z":0.034868404269218448,"w":0.9614805579185486},"size":3.2601659297943117,"orthographic":false}